customer_id,full_name,email,country_code,created_ts,updated_at
c_0001,Avery Hernandez,avery@test.org,DE,2025-03-12 11:02:08,2025-03-23 16:40:38
c_0002,Jordan WILSON,jordan@test.org,US,2025-03-03 17:43:45,2025-04-26 10:32:23
c_0003,Morgan Moore,morgan@shop.net,US,2025-03-25 20:24:34,2025-04-02 10:31:48
c_0004,  emery  Lee,emery@example.com,CA,2025-03-18 16:57:24,2025-03-31 21:25:46
c_0005,Rowan WILSON,rowan@test.org,US,2025-04-08 21:52:41,2025-04-30 19:00:03
c_0006,  jordan  Moore,jordan@test.org,US,2025-04-06 21:36:28,2025-05-06 08:46:37
c_0007,Avery Anderson,avery@mail.com,GB,2025-04-01 09:49:42,2025-04-30 21:20:51
c_0008,Casey DAVIS,casey@mail.com,US,2025-03-20 12:48:56,2025-04-14 20:49:42
c_0009,Noah Smith,noah@mail.com,US,2025-04-04 09:32:20,2025-04-16 21:51:33
c_0010,Taylor Hernandez,taylor@example.com,US,2025-05-16 17:14:05,2025-05-30 10:08:36
c_0011,  olivia  Kim,olivia@example.com,GB,2025-03-22 17:11:50,2025-04-14 09:20:26
c_0012,Emma Martinez,emma@shop.net,US,2025-05-13 21:01:56,2025-06-06 15:48:05
c_0013,  parker  Garcia,parker@example.com,DE,2025-03-21 21:25:38,2025-05-09 16:37:13
c_0014,Liam Johnson,liam@test.org,US,2025-04-17 15:35:26,2025-05-26 17:04:56
c_0015,  liam  Martin,liam@test.org,US,2025-04-07 16:08:58,2025-05-05 21:27:59
c_0016,Taylor Lopez,taylor@shop.net,US,2025-04-11 16:00:55,2025-05-19 10:28:56
c_0017,Alex Jones,alex@mail.com,us,2025-05-04 12:36:46,2025-05-09 17:49:51
c_0018,Avery Williams,avery@mail.com,DE,2025-05-12 21:40:29,2025-06-08 15:48:47
c_0019,Parker Anderson,parker@example.com,US,2025-03-31 19:49:01,2025-04-18 15:55:16
c_0020,Emery Patel,emery@shop.net,de,2025-05-19 12:15:29,2025-07-12 08:00:23
c_0021,Mia Johnson,mia@example.com,US,2025-04-10 15:58:44,2025-04-21 09:52:45
c_0022,Ava Williams,ava@shop.net,usa,2025-04-14 12:21:52,2025-05-28 17:47:50
c_0023,  casey  Lopez,casey@shop.net,US,2025-03-18 18:35:42,2025-05-12 11:01:16
c_0024,  parker  Chen,parker@test.org,CA,2025-03-31 14:02:29,2025-05-26 10:12:18
c_0025,Avery Johnson,avery@mail.com,US,2025-04-26 13:30:47,2025-05-28 20:45:46
c_0026,Emery JONES,emery@mail.com,US,2025-03-27 17:35:02,2025-03-31 16:23:54
c_0027,Liam Smith,liam@shop.net,US,2025-05-27 14:14:04,2025-06-27 10:57:27
c_0028,Ava Martin,ava@example.com,US,2025-05-15 18:00:02,2025-07-11 09:36:18
c_0029,  alex  Patel,alex@shop.net,DE,2025-04-17 17:30:20,2025-04-20 16:40:57
c_0030,Taylor Chen,taylor@test.org,CA,2025-04-15 19:37:48,2025-05-28 18:54:50
c_0031,Riley Smith,riley@mail.com,US,2025-04-22 09:58:49,2025-06-01 10:33:48
c_0032,Emma Martinez,emma@example.com,can,2025-05-06 11:48:27,2025-06-06 19:07:14
c_0033,Olivia PATEL,olivia@example.com,US,2025-04-14 11:44:54,2025-04-21 14:25:22
c_0034,Noah Martin,NOAH@EXAMPLE.COM,US,2025-03-19 08:23:08,2025-03-21 19:01:06
c_0035,Mason MOORE,mason@example.com,GB,2025-05-10 09:45:19,2025-06-03 16:40:41
c_0036,Riley Anderson,riley@mail.com,US,2025-03-06 07:26:44,2025-04-11 10:21:25
c_0037,Mia LOPEZ,mia@example.com,US,2025-04-17 10:55:13,2025-05-20 07:09:15
c_0038,Morgan Jones,morgan@shop.net,GB,2025-04-29 17:32:00,2025-05-14 18:05:40
c_0039,Isabella Nguyen,isabella@mail.com,DE,2025-05-09 11:30:32,2025-05-27 21:17:56
c_0040,Avery Wilson,avery@example.com,US,2025-03-24 18:16:36,2025-05-14 17:24:12
c_0041,  parker  Nguyen,parker@example.com,gb,2025-04-16 20:02:04,2025-05-21 20:02:22
c_0042,Avery THOMAS,avery@mail.com,CA,2025-04-26 10:48:08,2025-05-12 10:01:31
c_0043,  mia  THOMAS,mia@example.com,DE,2025-03-24 21:04:04,2025-03-30 07:29:08
c_0044,Riley Moore,riley@shop.net,DE,2025-03-28 19:00:22,2025-04-29 14:02:02
c_0045,Avery Patel,avery@example.com,US,2025-03-31 09:02:35,2025-04-27 17:14:32
c_0046,Logan Jones,logan@shop.net,gb,2025-04-27 10:29:18,2025-06-04 21:30:08
c_0047,Ava Martinez,ava@mail.com,US,2025-04-09 09:00:39,2025-05-29 12:47:28
c_0048,  jordan  Brown,jordan@example.com,US,2025-04-10 14:47:43,2025-05-07 11:55:25
c_0049,Mia Moore,MIA@EXAMPLE.COM,US,2025-04-17 16:45:21,2025-05-14 15:17:05
c_0050,  noah  MARTIN,noah@example.com,GB,2025-04-04 13:53:28,2025-05-30 12:00:28
c_0051,Mason NGUYEN,mason@test.org,gb,2025-04-26 20:22:18,2025-06-08 20:21:12
c_0052,Ava Lee,ava@example.com,GB,2025-05-02 11:40:41,2025-05-17 19:46:11
c_0053,Casey Nguyen,casey@mail.com,US,2025-04-18 13:42:42,2025-06-16 21:31:17
c_0054,Liam Kim,liam@example.com,CA,2025-05-08 10:53:37,2025-05-27 11:46:00
c_0055,Taylor Nguyen,taylor@mail.com,US,2025-03-17 08:06:44,2025-05-06 10:40:29
c_0056,Jordan Williams,jordan@example.com,US,2025-03-24 16:49:17,2025-04-20 10:08:06
c_0057,Noah Brown,noah@shop.net,US,2025-04-22 16:10:25,2025-06-12 07:23:27
c_0058,Taylor Martinez,taylor@test.org,US,2025-05-25 18:38:37,2025-07-08 15:11:14
c_0059,Ava Martin,ava@test.org,DE,2025-05-06 17:02:14,2025-06-17 07:06:00
c_0060,Liam JOHNSON,liam@test.org,US,2025-05-31 21:39:32,2025-07-19 10:13:35
c_0061,Casey MARTINEZ,casey@example.com,US,2025-03-21 15:48:16,2025-03-30 07:55:43
c_0062,Quinn Davis,quinn@example.com,US,2025-03-03 18:06:29,2025-03-18 17:57:06
c_0063,Morgan Martin,morgan@shop net,US,2025-04-12 09:58:57,2025-06-01 17:06:48
c_0064,Logan Johnson,logan@test.org,DE,2025-04-08 12:07:28,2025-05-06 21:40:29
c_0065,Jordan Garcia,jordan@example.com,GB,2025-03-07 14:30:26,2025-03-26 08:56:13
c_0066,Morgan Anderson,morgan@mail.com,US,2025-03-16 10:09:28,2025-04-07 15:51:50
c_0067,Emery Kim,emery@shop.net,usa,2025-03-13 21:37:09,2025-04-02 17:11:06
c_0068,Alex NGUYEN,alex@shop.net,US,2025-03-24 12:07:03,2025-04-20 11:24:21
c_0069,Avery Patel,avery@test.org,US,2025-04-07 08:32:25,2025-04-29 08:22:40
c_0070,Sophia Kim,sophia@mail.com,US,2025-03-31 13:30:05,2025-05-17 16:15:03
c_0071,Sophia Martinez,sophia@mail.com,US,2025-03-22 16:11:13,2025-05-12 15:07:42
c_0072,Morgan Smith,morgan@shop.net,DE,2025-04-10 09:15:53,2025-05-18 15:47:17
c_0073,Isabella JONES,isabellatest.org,US,2025-05-25 20:04:51,2025-05-26 12:04:58
c_0074,Morgan Johnson,morgan@shop.net,GB,2025-04-14 21:46:24,2025-06-11 17:50:49
c_0075,Morgan BROWN,morgan@test.org,GB,2025-03-24 07:40:16,2025-04-26 21:29:38
c_0076,  sophia  Moore,sophia@example.com,DE,2025-03-22 17:20:23,2025-03-29 15:46:54
c_0077,Reese Moore,reese@shop.net,US,2025-04-08 08:25:48,2025-04-24 12:15:07
c_0078,Mia Martinez,mia@test.org,usa,2025-04-21 08:38:09,2025-05-07 10:06:55
c_0079,Mason Nguyen,mason@shop.net,US,2025-03-15 19:34:14,2025-05-07 07:25:34
c_0080,Skyler Hernandez,skyler@test.org,usa,2025-03-23 09:16:49,2025-03-27 08:55:23
c_0081,Jordan Martinez,jordan@test.org,US,2025-04-04 13:56:07,2025-05-13 11:55:30
c_0082,  rowan  Wilson,rowan@mail.com,us,2025-06-08 10:47:09,2025-06-14 09:55:30
c_0083,Liam JOHNSON,liam@shop.net,DE,2025-04-22 18:20:09,2025-06-18 10:49:35
c_0084,Mia Nguyen,mia@mail.com,GB,2025-04-09 18:00:43,2025-04-30 12:37:50
c_0085,Emma Wilson,emma@mail.com,gbr,2025-05-05 14:07:08,2025-05-31 20:36:29
c_0086,Ava Moore,ava@example.com,US,2025-03-24 10:07:23,2025-05-12 17:16:49
c_0087,  ava  JONES,ava@shop.net,CA,2025-03-27 16:16:11,2025-05-08 12:18:42
c_0088,  mason  Martin,mason@shop.net,US,2025-04-11 15:14:17,2025-06-01 09:49:29
c_0089,Jordan Williams,jordan@test.org,US,2025-04-04 18:12:24,2025-05-01 18:50:45
c_0090,  avery  Martinez,avery@shop.net,US,2025-05-15 16:54:44,2025-05-19 19:25:13
c_0091,Avery Martin,avery@mail.com,US,2025-04-04 17:15:40,2025-06-02 09:31:04
c_0092,Olivia Lopez,olivia@mail.com,US,2025-04-10 14:27:13,2025-04-17 19:02:35
c_0093,  olivia  Hernandez,olivia@example.com,US,2025-03-26 08:06:14,2025-04-08 14:48:50
c_0094,Isabella MARTINEZ,isabella@example.com,DE,2025-05-06 17:52:29,2025-06-28 11:38:26
c_0095,Aria WILSON,aria@shop.net,US,2025-04-29 13:46:28,2025-05-31 12:44:12
c_0096,Avery Brown,avery@shop.net,DE,2025-05-14 15:02:43,2025-06-15 09:14:30
c_0097,Sophia WILSON,sophia@test.org,US,2025-03-17 19:56:20,2025-04-24 08:34:19
c_0098,  aria  Nguyen,aria@test.org,US,2025-05-04 15:38:14,2025-06-03 11:34:48
c_0099,Reese JOHNSON,reese@shop.net,DE,2025-03-29 14:06:35,2025-04-27 12:15:51
c_0100,Aria LOPEZ,aria@shop.net,US,2025-06-06 10:26:22,2025-06-20 19:40:52
c_0101,Avery Williams,avery@test.org,US,2025-03-17 11:17:43,2025-04-06 11:08:19
c_0102,Noah MOORE,noah@test.org,us,2025-03-21 14:30:44,2025-04-08 17:44:58
c_0103,  reese  Nguyen,reese@example.com,US,2025-05-16 15:55:56,2025-06-06 16:19:40
c_0104,Aria Lee,aria@mail.com,CA,2025-03-28 15:59:25,2025-04-30 13:07:18
c_0105,Sophia Hernandez,sophia@mail.com,US,2025-04-13 14:12:31,2025-05-29 11:03:12
c_0106,Logan Anderson,logan@test.org,US,2025-05-31 13:25:15,2025-06-03 16:44:01
c_0107,Taylor MOORE,taylor@shop.net,CA,2025-04-03 16:46:03,2025-04-21 13:01:02
c_0108,Avery Wilson,avery@example.com,US,2025-03-24 09:03:21,2025-05-16 12:54:36
c_0109,Avery KIM,avery@example.com,US,2025-04-14 07:27:40,2025-05-03 16:21:37
c_0110,Alex Davis,alex@test.org,US,2025-03-24 14:38:32,2025-04-27 18:27:36
c_0111,Mason Patel,mason@test.org,CA,2025-03-26 19:26:07,2025-05-22 16:07:19
c_0112,Parker Johnson,parker@example.com,us,2025-05-15 10:02:04,2025-07-04 09:56:46
c_0113,Emma KIM,emma@example.com,CA,2025-04-01 20:20:29,2025-05-18 18:30:56
c_0114,Olivia Jones,olivia@example.com,US,2025-03-18 16:04:08,2025-05-11 20:39:13
c_0115,Rowan Williams,rowan@example.com,US,2025-04-12 07:31:37,2025-05-13 16:31:51
c_0116,  olivia  Wilson,olivia@mail.com,US,2025-04-11 10:53:13,2025-05-26 11:40:39
c_0117,Jordan Wilson,jordan@test org,GB,2025-03-09 19:23:21,2025-04-25 12:47:23
c_0118,Parker Chen,parker@example.com,DE,2025-04-02 13:54:12,2025-04-19 11:39:29
c_0119,Ava Anderson,ava@shop.net,DE,2025-03-27 16:36:48,2025-05-22 12:12:54
c_0120,Casey MOORE,casey@mail.com,DE,2025-04-24 09:12:11,2025-05-22 21:49:04
c_0121,Aria Martinez,aria@example com,US,2025-04-30 10:29:33,2025-05-14 17:30:55
c_0122,Ava Davis,ava@test org,US,2025-04-25 08:54:39,2025-06-01 14:13:05
c_0123,Skyler BROWN,skyler@example.com,US,2025-05-07 17:48:57,2025-05-22 13:13:05
c_0124,Isabella Jones,isabella@mail.com,US,2025-04-27 09:45:21,2025-06-01 13:39:44
c_0125,Olivia Lee,olivia@shop.net,DE,2025-05-11 18:14:30,2025-06-21 17:08:42
c_0126,Ava Anderson,ava@mail.com,US,2025-04-24 10:59:21,2025-05-26 19:06:07
c_0127,Quinn Jones,quinn@mail.com,US,2025-05-06 19:50:03,2025-05-22 13:27:15
c_0128,Rowan MARTINEZ,ROWAN@MAIL.COM,US,2025-03-28 10:08:58,2025-05-14 11:22:32
c_0129,Riley Lopez,riley@example.com,US,2025-05-13 09:41:26,2025-06-04 15:33:03
c_0130,Mia CHEN,mia@test.org,GB,2025-05-03 12:12:11,2025-05-18 16:00:31
c_0131,Parker Thomas,parker@test.org,US,2025-05-21 07:52:17,2025-06-29 12:22:45
c_0132,Isabella Garcia,isabella@shop.net,gb,2025-04-09 17:28:36,2025-06-06 17:21:50
c_0133,Mia Smith,mia@test.org,US,2025-06-09 15:12:53,2025-07-31 11:59:31
c_0134,  emma  Thomas,emma@shop.net,deu,2025-03-22 08:23:16,2025-04-25 19:00:05
c_0135,Casey Martinez,casey@shop.net,US,2025-03-10 19:29:29,2025-04-22 07:38:44
c_0136,Isabella Martin,isabella@shop.net,US,2025-03-30 14:59:09,2025-04-27 16:41:04
c_0137,  skyler  Thomas,skyler@shop.net,US,2025-06-20 10:44:43,2025-07-31 17:41:46
c_0138,Noah Lopez,noah@shop.net,US,2025-03-05 18:42:16,2025-04-19 11:19:02
c_0139,Casey Hernandez,CASEY@SHOP.NET,US,2025-04-06 11:40:12,2025-05-31 07:24:46
c_0140,Morgan Patel,morgan@example.com,US,2025-04-03 20:02:48,2025-04-16 11:45:49
c_0141,Taylor Moore,taylor@mail.com,US,2025-04-03 12:44:43,2025-04-21 20:41:34
c_0142,Morgan Lee,morgan@test.org,US,2025-03-26 13:47:02,2025-03-28 16:23:42
c_0143,Mason Thomas,mason@mail.com,us,2025-03-16 21:46:59,2025-04-11 19:46:29
c_0144,Emma Martin,emma@shop.net,US,2025-05-22 11:04:57,2025-06-09 20:49:25
c_0145,Parker Nguyen,parker@mail.com,US,2025-05-24 11:47:56,2025-06-21 16:40:35
c_0146,Emery Patel,emery@shop.net,CA,2025-06-20 12:02:47,2025-06-24 18:35:32
c_0147,Morgan Lee,morgan@shop.net,US,2025-03-24 12:31:10,2025-03-27 07:24:41
c_0148,Olivia Jones,olivia@test.org,US,2025-03-19 12:50:06,2025-05-11 08:13:37
c_0149,Parker Hernandez,parker@test.org,US,2025-05-27 10:55:28,2025-06-01 17:24:08
c_0150,  mia  Garcia,mia@shop.net,US,2025-03-26 18:52:57,2025-05-19 15:59:58
c_0151,Rowan BROWN,rowan@test.org,US,2025-04-07 16:31:27,2025-04-20 13:39:41
c_0152,Emma LOPEZ,emmatest.org,US,2025-03-05 19:09:49,2025-03-12 13:20:52
c_0153,  casey  SMITH,casey@example.com,US,2025-03-19 12:29:48,2025-04-18 11:35:52
c_0154,  isabella  Chen,isabella@shop.net,US,2025-03-25 13:04:55,2025-05-01 13:33:31
c_0155,Liam Martinez,liam@test.org,US,2025-04-10 07:47:44,2025-06-05 12:36:19
c_0156,Mason Wilson,mason@test.org,US,2025-03-28 15:35:07,2025-05-19 14:21:21
c_0157,Mason Williams,mason@example.com,US,2025-03-14 09:44:03,2025-05-01 11:44:22
c_0158,Mason Nguyen,mason@example.com,GB,2025-03-18 07:45:06,2025-05-10 10:15:52
c_0159,Parker PATEL,parker@example.com,DE,2025-04-26 11:58:17,2025-06-18 12:47:45
c_0160,Rowan Anderson,rowan@test org,US,2025-03-25 07:10:19,2025-04-11 16:28:47
c_0161,Jordan Anderson,jordan@example.com,CA,2025-03-26 15:56:33,2025-04-22 13:57:51
c_0162,Quinn GARCIA,quinn@test.org,DE,2025-04-18 20:17:59,2025-06-11 21:04:22
c_0163,Isabella WILLIAMS,isabella@example.com,GB,2025-04-21 08:20:57,2025-05-20 21:19:07
c_0164,Liam Davis,liamshop.net,usa,2025-03-27 12:21:41,2025-05-20 08:46:16
c_0165,Skyler Garcia,skyler@mail.com,US,2025-04-21 14:44:09,2025-04-24 08:39:05
c_0166,Mason Thomas,mason@mail.com,US,2025-03-31 11:14:49,2025-05-08 10:50:51
c_0167,Avery Brown,avery@shop.net,CA,2025-04-09 11:29:46,2025-05-02 09:47:56
c_0168,Quinn Nguyen,quinn@mail.com,US,2025-04-09 09:37:12,2025-04-18 16:18:39
c_0169,Noah Garcia,noah@mail.com,US,2025-04-21 13:32:07,2025-05-19 18:45:47
c_0170,Skyler Hernandez,skyler@mail.com,can,2025-04-03 20:41:44,2025-04-05 18:26:32
c_0171,Sophia Moore,sophia@example.com,US,2025-03-20 13:12:16,2025-04-08 10:56:13
c_0172,  alex  Anderson,alex@test.org,US,2025-03-10 13:52:51,2025-04-18 10:55:10
c_0173,  emery  Wilson,emery@mail.com,US,2025-05-17 11:50:35,2025-07-05 13:35:24
c_0174,Reese Davis,reese@mail.com,usa,2025-04-12 09:43:36,2025-04-27 12:18:17
c_0175,  mason  Jones,mason@mail.com,US,2025-07-03 21:12:40,2025-07-31 13:11:36
c_0176,Riley DAVIS,riley@example.com,US,2025-03-31 14:49:48,2025-04-19 17:33:56
c_0177,Ava Moore,ava@mail.com,usa,2025-03-07 15:35:52,2025-04-20 17:07:31
c_0178,  alex  Anderson,alexshop.net,US,2025-04-11 08:13:24,2025-05-10 10:24:09
c_0179,Taylor Smith,taylor@test.org,GB,2025-04-10 09:25:03,2025-04-16 16:35:14
c_0180,Skyler Wilson,skyler@test.org,US,2025-04-12 12:52:35,2025-04-12 20:12:00
c_0181,Mason Johnson,mason@test.org,US,2025-05-02 09:56:49,2025-06-11 18:06:08
c_0182,Sophia Davis,sophia@mail.com,US,2025-04-30 16:38:40,2025-06-09 11:13:36
c_0183,Parker SMITH,parker@shop.net,GB,2025-03-23 07:23:01,2025-04-19 20:16:39
c_0184,Jordan Chen,jordan@shop.net,us,2025-03-23 18:17:15,2025-04-03 10:15:12
c_0185,  logan  JOHNSON,logan@test.org,US,2025-03-13 10:31:55,2025-05-03 13:16:15
c_0186,Sophia DAVIS,sophia@mail.com,US,2025-03-19 21:00:40,2025-04-03 21:35:43
c_0187,Alex Lee,alex@shop.net,US,2025-04-07 14:23:51,2025-04-23 19:55:19
c_0188,Aria Patel,aria@mail.com,CA,2025-04-03 19:22:36,2025-04-13 15:51:18
c_0189,Quinn Thomas,quinnmail.com,us,2025-04-14 08:14:38,2025-06-02 15:36:06
c_0190,Olivia Kim,olivia@test.org,US,2025-04-30 21:45:46,2025-06-22 20:38:56
c_0191,Taylor Anderson,taylor@shop.net,US,2025-06-20 11:47:13,2025-07-21 17:58:18
c_0192,Emery Johnson,emery@shop.net,DE,2025-04-03 14:37:52,2025-04-13 11:45:29
c_0193,Skyler Brown,skyler@test.org,US,2025-04-18 17:01:44,2025-06-13 07:25:27
c_0194,Emma Jones,emma@example.com,can,2025-04-22 13:27:50,2025-06-19 10:56:15
c_0195,Quinn Martin,quinn@shop.net,US,2025-03-12 13:52:49,2025-04-05 14:26:14
c_0196,Quinn Martinez,quinn@shop.net,de,2025-05-06 08:26:06,2025-05-27 09:46:32
c_0197,  jordan  Williams,jordan@shop.net,US,2025-05-18 13:51:31,2025-06-03 18:43:08
c_0198,Emery Martin,emery@example.com,US,2025-05-21 21:51:22,2025-07-13 15:34:02
c_0199,Jordan Lee,jordan@mail.com,US,2025-06-15 13:21:55,2025-07-11 17:46:12
c_0200,Mia Kim,mia@shop.net,us,2025-05-03 14:30:23,2025-06-28 13:25:12
c_0201,Sophia Brown,sophia@example.com,DE,2025-04-04 12:47:51,2025-05-12 14:07:27
c_0202,Ava Wilson,ava@example.com,usa,2025-04-18 07:01:07,2025-06-12 12:24:01
c_0203,Emma Johnson,emma@test.org,US,2025-06-27 18:16:06,2025-07-31 12:39:38
c_0204,Morgan Garcia,morgan@test.org,US,2025-03-07 11:52:20,2025-03-27 17:18:22
c_0205,Emma THOMAS,emma@shop.net,US,2025-04-04 07:37:46,2025-04-24 14:06:01
c_0206,Quinn CHEN,quinn@example.com,GB,2025-05-10 07:43:19,2025-07-07 10:20:36
c_0207,Parker Hernandez,parker@example.com,US,2025-04-01 21:08:19,2025-04-19 16:36:26
c_0208,  quinn  Johnson,quinn@example.com,de,2025-03-13 13:15:32,2025-05-06 19:00:10
c_0209,  riley  Martin,RILEY@EXAMPLE.COM,US,2025-04-04 16:26:51,2025-05-14 07:41:20
c_0210,Alex Wilson,alex@example.com,GB,2025-03-29 11:34:54,2025-04-09 10:16:27
c_0211,Sophia Chen,sophia@shop.net,US,2025-04-21 16:43:11,2025-05-21 08:08:48
c_0212,  ava  Wilson,ava@test.org,US,2025-05-16 13:25:25,2025-06-22 07:31:56
c_0213,Aria Martin,aria@mail.com,us,2025-03-18 07:33:15,2025-04-27 14:13:25
c_0214,Parker Lopez,parker@example.com,US,2025-03-23 12:03:06,2025-04-17 20:29:55
c_0215,Emma Smith,emma@mail.com,DE,2025-06-10 21:14:43,2025-07-12 09:42:46
c_0216,  taylor  Lopez,taylor@test.org,DE,2025-03-14 11:20:20,2025-04-17 18:43:31
c_0217,Isabella Nguyen,isabella@example.com,US,2025-03-24 12:43:56,2025-04-24 14:50:58
c_0218,  reese  Thomas,reese@test.org,US,2025-04-19 10:26:05,2025-05-14 09:38:37
c_0219,Taylor Patel,taylor@mail.com,US,2025-04-01 12:13:55,2025-04-11 14:58:38
c_0220,Reese Patel,reese@mail.com,US,2025-04-08 15:21:17,2025-05-23 18:22:50
c_0221,Quinn Smith,quinn@mail.com,US,2025-03-15 13:39:53,2025-04-20 09:54:55
c_0222,Aria Brown,aria@mail.com,GB,2025-04-08 18:18:26,2025-05-03 10:56:18
c_0223,  liam  Jones,liam@shop.net,US,2025-04-02 14:22:58,2025-05-05 20:48:03
c_0224,Emma Johnson,emma@shop.net,DE,2025-03-26 15:14:38,2025-05-13 07:00:04
c_0225,Mia Johnson,mia@mail.com,US,2025-04-14 11:37:20,2025-05-10 18:37:39
c_0226,  aria  Thomas,aria@shop.net,US,2025-04-05 10:08:00,2025-05-22 16:02:20
c_0227,Isabella JOHNSON,isabella@test.org,US,2025-05-03 18:30:31,2025-06-17 08:19:39
c_0228,Olivia Johnson,olivia@mail.com,GB,2025-03-22 18:45:43,2025-05-06 12:19:30
c_0229,Alex Davis,alex@example.com,US,2025-04-11 09:36:34,2025-05-10 16:56:08
c_0230,Riley Martinez,riley@shop.net,US,2025-03-12 08:42:30,2025-04-30 20:53:46
c_0231,Emery Wilson,emery@test.org,US,2025-06-06 10:13:38,2025-06-23 16:07:23
c_0232,Mason Martin,mason@shop.net,US,2025-06-11 10:27:56,2025-06-26 15:53:26
c_0233,Logan Patel,logan@example.com,US,2025-03-07 11:58:33,2025-03-31 13:58:09
c_0234,Aria Williams,aria@mail.com,US,2025-03-26 12:08:21,2025-05-12 13:06:47
c_0235,  logan  ANDERSON,logan@test.org,GB,2025-04-22 12:48:16,2025-05-04 12:33:07
c_0236,Liam Martinez,liam@mail com,US,2025-05-05 18:45:24,2025-06-05 10:25:35
c_0237,  noah  Garcia,noah@shop.net,DE,2025-05-24 12:49:49,2025-07-01 15:25:55
c_0238,Noah LOPEZ,noah@shop.net,GB,2025-03-19 11:33:59,2025-03-22 13:42:49
c_0239,Emma Martinez,emma@test.org,US,2025-03-28 18:59:38,2025-05-06 15:20:56
c_0240,Sophia Williams,sophia@example.com,DE,2025-03-27 19:48:18,2025-05-06 18:06:16
c_0241,Alex Nguyen,alex@test.org,US,2025-03-27 16:45:30,2025-04-15 08:28:02
c_0242,Logan Jones,logan@mail.com,US,2025-03-13 07:52:41,2025-03-17 07:57:53
c_0243,Avery Lopez,avery@example.com,US,2025-04-11 17:57:24,2025-04-12 09:34:21
c_0244,Casey JONES,casey@example.com,US,2025-03-26 15:03:40,2025-04-10 17:44:40
c_0245,Riley MOORE,riley@test.org,US,2025-03-04 16:48:50,2025-04-12 11:29:21
c_0246,Olivia Wilson,olivia@mail.com,GB,2025-05-07 07:53:31,2025-06-04 10:14:18
c_0247,Sophia KIM,sophia@shop.net,US,2025-03-26 13:11:33,2025-04-10 16:04:20
c_0248,Taylor Moore,taylor@mail.com,US,2025-04-16 14:03:32,2025-05-29 08:12:57
c_0249,Rowan Lee,rowan@mail.com,US,2025-05-27 15:43:22,2025-07-03 14:52:36
c_0250,Reese Jones,reese@example.com,DE,2025-06-03 21:43:47,2025-07-02 19:19:48
c_0251,Noah Garcia,noah@test.org,de,2025-03-20 16:35:31,2025-03-26 19:41:52
c_0252,Emery Johnson,emery@example.com,DE,2025-05-01 10:27:24,2025-05-28 17:18:27
c_0253,Alex Nguyen,alex@shop.net,us,2025-04-16 13:27:09,2025-05-17 12:54:16
c_0254,Sophia Jones,sophiashop.net,DE,2025-03-25 18:57:29,2025-04-02 21:39:55
c_0255,Emma Brown,emma@example.com,de,2025-03-26 21:30:10,2025-05-21 21:09:42
c_0256,Isabella Garcia,isabella@test.org,gb,2025-04-18 07:59:02,2025-06-06 11:52:01
c_0257,Morgan LEE,morgantest.org,US,2025-04-19 17:37:58,2025-06-01 16:51:55
c_0258,Logan Kim,logan@example.com,US,2025-05-04 07:22:39,2025-05-13 11:33:23
c_0259,  liam  Smith,LIAM@MAIL.COM,GB,2025-03-27 16:33:13,2025-05-09 21:19:33
c_0260,Morgan MOORE,morgan@test.org,US,2025-06-20 08:18:27,2025-07-31 13:39:48
c_0261,Quinn SMITH,quinn@mail.com,US,2025-04-05 10:23:05,2025-04-08 13:56:30
c_0262,  riley  Garcia,riley@test org,DE,2025-06-08 19:36:55,2025-07-31 10:20:46
c_0263,Rowan MOORE,rowan@test.org,DE,2025-03-23 16:05:05,2025-05-17 21:19:20
c_0264,Riley ANDERSON,riley@test.org,US,2025-04-05 21:04:10,2025-05-24 21:28:49
c_0265,Quinn Patel,quinn@test.org,US,2025-03-25 16:14:00,2025-05-14 14:54:54
c_0266,Aria Lopez,aria@example.com,US,2025-03-07 16:43:47,2025-04-30 10:36:07
c_0267,Alex Chen,alex@example.com,can,2025-03-06 14:24:28,2025-04-20 21:27:15
c_0268,Sophia Davis,sophia@example.com,usa,2025-03-12 16:22:05,2025-03-14 18:07:54
c_0269,Quinn Brown,quinn@test.org,US,2025-03-25 17:21:17,2025-04-30 09:05:02
c_0270,  casey  Johnson,casey@test.org,US,2025-06-02 11:16:55,2025-06-12 13:06:29
c_0271,Ava Lee,ava@shop.net,US,2025-03-25 19:13:36,2025-05-18 12:47:29
c_0272,Avery Hernandez,avery@test.org,US,2025-05-12 09:45:19,2025-06-30 12:39:31
c_0273,Avery Martin,avery@mail.com,CA,2025-03-09 13:40:53,2025-04-18 07:01:03
c_0274,Olivia Williams,olivia@mail.com,US,2025-03-25 10:14:52,2025-04-11 17:16:39
c_0275,Emma GARCIA,emma@mail.com,US,2025-04-20 08:30:58,2025-04-27 17:15:57
c_0276,Skyler Brown,skyler@test.org,CA,2025-04-26 10:14:50,2025-04-26 17:07:59
c_0277,Isabella Williams,isabella@mail.com,CA,2025-04-30 12:09:41,2025-05-07 11:25:27
c_0278,Rowan Martin,rowan@example.com,DE,2025-05-06 14:35:24,2025-07-02 10:30:30
c_0279,Jordan Moore,jordan@example.com,DE,2025-03-09 13:55:07,2025-04-22 08:40:05
c_0280,Morgan HERNANDEZ,morgan@mail.com,DE,2025-05-07 14:26:06,2025-05-07 15:42:34
c_0281,Rowan Garcia,rowan@mail.com,GB,2025-03-26 18:59:19,2025-04-23 15:22:44
c_0282,Noah Anderson,noah@test.org,US,2025-05-04 09:14:28,2025-05-10 08:28:09
c_0283,Isabella Smith,isabella@mail.com,US,2025-05-28 21:16:52,2025-06-05 13:12:54
c_0284,Logan Hernandez,logan@shop.net,gb,2025-04-02 10:34:33,2025-05-17 10:26:09
c_0285,Quinn Martin,quinn@test.org,DE,2025-05-02 11:00:48,2025-05-19 17:51:59
c_0286,Aria Patel,aria@mail.com,US,2025-04-12 19:51:45,2025-05-19 18:02:38
c_0287,Avery Patel,avery@mail.com,US,2025-04-05 14:14:47,2025-05-14 07:16:43
c_0288,  skyler  Martin,skyler@example.com,DE,2025-03-10 13:09:57,2025-04-04 21:11:00
c_0289,Olivia THOMAS,olivia@shop.net,CA,2025-04-03 11:49:52,2025-05-27 10:07:31
c_0290,Aria Johnson,ARIA@MAIL.COM,US,2025-05-17 13:16:55,2025-07-01 09:38:59
c_0291,  taylor  Garcia,taylor@mail.com,DE,2025-04-12 21:51:13,2025-05-16 21:35:26
c_0292,Mia Brown,mia@shop.net,DE,2025-04-13 21:39:08,2025-04-18 17:58:33
c_0293,Quinn Patel,quinn@mail.com,us,2025-03-28 12:29:49,2025-04-28 21:22:39
c_0294,Alex Patel,alex@mail.com,deu,2025-05-01 12:00:11,2025-06-11 15:37:27
c_0295,  quinn  Anderson,quinn@shop.net,GB,2025-03-09 15:09:18,2025-05-07 20:44:14
c_0296,Mason Kim,mason@example.com,CA,2025-03-18 20:44:59,2025-05-15 16:37:50
c_0297,Morgan MARTIN,morgan@mail.com,US,2025-04-09 19:01:33,2025-05-12 16:30:08
c_0298,  olivia  Chen,olivia@test.org,GB,2025-03-15 21:18:19,2025-04-06 13:42:26
c_0299,Ava Davis,ava@mail.com,US,2025-03-20 08:47:10,2025-04-05 15:12:32
c_0300,Isabella Kim,isabella@shop.net,DE,2025-03-09 10:52:20,2025-03-19 11:17:20
c_0301,Emma Patel,emma@example.com,US,2025-05-20 21:49:38,2025-06-05 13:31:48
c_0302,Morgan Davis,morgan@example.com,CA,2025-03-24 12:42:44,2025-03-27 17:50:07
c_0303,Avery Wilson,averytest.org,usa,2025-04-01 12:43:22,2025-04-05 20:12:08
c_0304,Liam Martin,liam@example.com,DE,2025-03-05 09:06:58,2025-03-21 09:32:43
c_0305,Liam Brown,liam@shop.net,US,2025-05-05 21:43:47,2025-05-27 10:07:54
c_0306,Jordan Martinez,jordan@shop.net,US,2025-06-19 16:39:06,2025-07-01 20:38:21
c_0307,Avery Thomas,avery@mail.com,US,2025-05-04 07:37:14,2025-05-11 21:56:47
c_0308,Parker Moore,parker@mail.com,ca,2025-06-06 18:10:05,2025-06-23 20:55:24
c_0309,Alex Kim,alex@shop.net,GB,2025-04-13 11:57:39,2025-04-28 18:24:22
c_0310,Rowan Lee,rowan@mail.com,US,2025-04-03 10:03:00,2025-04-25 12:41:33
c_0311,Ava HERNANDEZ,ava@example.com,usa,2025-03-22 09:50:18,2025-04-03 18:51:21
c_0312,  aria  Nguyen,aria@example.com,us,2025-04-12 21:48:13,2025-04-15 14:46:07
c_0313,Mia Smith,mia@example.com,US,2025-04-23 20:51:19,2025-05-25 13:40:39
c_0314,Quinn Lopez,quinn@mail.com,US,2025-03-22 17:04:36,2025-04-21 17:22:32
c_0315,Morgan DAVIS,morgan@example.com,US,2025-04-22 12:08:04,2025-05-08 10:28:20
c_0316,  logan  Brown,logan@mail.com,US,2025-03-29 21:33:12,2025-04-02 12:47:06
c_0317,Parker Chen,parker@mail.com,US,2025-04-08 21:41:33,2025-05-17 10:04:30
c_0318,Emma Martinez,emma@test.org,deu,2025-03-30 08:15:52,2025-03-31 19:43:10
c_0319,Riley GARCIA,riley@test.org,usa,2025-03-05 18:02:29,2025-03-31 13:01:06
c_0320,Jordan Smith,jordan@test.org,GB,2025-04-04 20:54:45,2025-04-13 17:59:32
c_0321,Morgan Chen,morgan@test.org,GB,2025-03-30 12:17:44,2025-05-06 21:21:50
c_0322,Avery Moore,avery@shop.net,US,2025-05-02 18:18:32,2025-05-03 11:52:09
c_0323,Ava Lopez,ava@test.org,deu,2025-03-14 08:59:17,2025-04-18 07:13:07
c_0324,Jordan Moore,jordan@mail.com,US,2025-04-09 08:44:09,2025-04-15 14:07:26
c_0325,Skyler Lopez,skyler@test.org,US,2025-04-01 12:03:56,2025-05-26 16:01:07
c_0326,Alex Chen,alex@mail.com,GB,2025-04-29 11:24:57,2025-05-19 07:07:16
c_0327,Logan Chen,logan@test.org,DE,2025-04-09 12:49:32,2025-04-30 13:02:13
c_0328,Rowan Lopez,rowanshop.net,US,2025-04-01 16:58:12,2025-05-26 18:50:25
c_0329,  isabella  Lee,isabella@mail.com,GB,2025-05-13 13:04:06,2025-07-06 15:57:05
c_0330,Liam Anderson,liam@shop.net,US,2025-05-26 11:39:16,2025-06-23 13:22:44
c_0331,Logan Kim,logan@example.com,US,2025-03-11 12:14:24,2025-03-11 12:17:00
c_0332,Mia Garcia,mia@shop.net,usa,2025-05-25 10:13:45,2025-07-17 12:16:01
c_0333,  mia  Chen,mia@test.org,GB,2025-04-15 12:45:03,2025-06-01 13:54:43
c_0334,Rowan Anderson,rowan@test.org,US,2025-04-08 10:42:05,2025-04-16 14:13:32
c_0335,Avery Johnson,avery@test.org,gbr,2025-05-16 16:52:31,2025-06-30 16:41:02
c_0336,Mia Nguyen,mia@test.org,US,2025-04-18 12:45:29,2025-05-09 20:36:15
c_0337,Aria NGUYEN,aria@example.com,deu,2025-04-10 21:17:53,2025-06-01 18:32:06
c_0338,  emma  Lee,emma@test.org,CA,2025-05-10 17:27:36,2025-06-28 15:11:08
c_0339,Avery Martin,avery@mail.com,US,2025-03-17 08:23:32,2025-03-24 15:40:44
c_0340,Parker Nguyen,parker@example.com,CA,2025-04-11 12:01:23,2025-06-06 14:48:27
c_0341,Alex Lee,alex@shop.net,CA,2025-04-27 07:04:13,2025-05-08 08:47:16
c_0342,Taylor Lee,taylor@test.org,us,2025-03-30 07:48:17,2025-05-19 19:56:28
c_0343,  quinn  Nguyen,quinn@test.org,us,2025-03-28 16:24:46,2025-04-03 10:47:46
c_0344,Aria DAVIS,aria@mail.com,US,2025-03-16 18:36:54,2025-04-12 14:49:19
c_0345,Jordan PATEL,jordan@example.com,US,2025-03-28 11:58:55,2025-04-25 21:21:34
c_0346,Sophia Smith,sophia@test.org,DE,2025-03-14 10:00:40,2025-04-23 17:14:53
c_0347,Parker Hernandez,parker@mail.com,US,2025-03-18 08:50:55,2025-05-13 10:33:33
c_0348,Sophia Martin,sophia@example.com,US,2025-03-13 13:29:46,2025-03-14 17:37:44
c_0349,Emma Williams,emma@example.com,US,2025-04-24 21:44:17,2025-06-21 18:30:54
c_0350,Ava Hernandez,ava@example.com,US,2025-03-27 10:44:54,2025-05-10 17:04:53
c_0351,Sophia CHEN,sophia@example.com,US,2025-04-14 09:33:37,2025-04-24 19:22:52
c_0352,Alex Garcia,alex@mail.com,US,2025-03-14 17:44:12,2025-04-13 17:55:18
c_0353,Ava Moore,ava@shop.net,CA,2025-03-26 14:50:41,2025-04-07 21:25:17
c_0354,Noah Smith,noah@test.org,GB,2025-06-11 07:16:32,2025-06-19 10:13:21
c_0355,  olivia  JONES,olivia@mail.com,CA,2025-05-02 14:34:35,2025-05-27 16:35:53
c_0356,Logan LEE,logan@test.org,US,2025-03-10 14:38:20,2025-04-09 15:08:41
c_0357,Skyler KIM,skyler@mail.com,usa,2025-04-08 11:32:51,2025-05-09 21:17:34
c_0358,Rowan Moore,rowan@test.org,us,2025-03-13 19:41:55,2025-04-01 07:30:52
c_0359,Jordan Chen,jordan@mail.com,US,2025-05-25 21:44:05,2025-07-11 21:16:03
c_0360,Sophia Lopez,sophia@mail.com,US,2025-04-17 18:50:18,2025-05-06 15:15:10
c_0361,  skyler  Brown,skyler@test.org,US,2025-06-21 21:30:28,2025-07-04 16:53:16
c_0362,Emma ANDERSON,emma@shop.net,usa,2025-03-27 16:01:23,2025-03-29 17:23:34
c_0363,Isabella Kim,isabella@test.org,US,2025-04-11 07:45:41,2025-05-13 20:07:39
c_0364,  emery  Smith,emery@test.org,DE,2025-04-23 14:33:39,2025-05-06 07:28:35
c_0365,Emma Nguyen,emma@shop.net,CA,2025-05-11 19:21:37,2025-05-27 12:42:28
c_0366,  noah  Thomas,noah@test.org,US,2025-03-30 08:59:33,2025-04-12 12:44:48
c_0367,Riley NGUYEN,riley@mail.com,US,2025-03-20 16:55:53,2025-05-03 13:58:23
c_0368,Riley Chen,riley@test.org,US,2025-03-06 16:53:31,2025-04-23 13:47:16
c_0369,Sophia Thomas,sophia@mail.com,US,2025-05-06 17:50:59,2025-05-08 20:09:48
c_0370,Aria MOORE,aria@shop.net,CA,2025-03-10 18:48:02,2025-05-07 17:05:30
c_0371,Riley HERNANDEZ,riley@example.com,US,2025-03-03 11:02:30,2025-03-23 13:26:45
c_0372,  logan  Lee,logan@test.org,GB,2025-03-30 21:27:08,2025-05-02 08:16:57
c_0373,Skyler Johnson,skyler@test.org,US,2025-05-28 18:02:14,2025-07-18 10:09:20
c_0374,Casey HERNANDEZ,casey@shop.net,US,2025-04-10 18:08:09,2025-05-31 16:08:25
c_0375,Aria Martinez,aria@mail.com,GB,2025-04-07 13:30:27,2025-04-23 08:58:27
c_0376,  sophia  NGUYEN,sophia@example.com,GB,2025-04-10 18:44:12,2025-05-30 14:58:12
c_0377,Morgan Chen,morgan@shop.net,usa,2025-04-28 11:17:19,2025-05-12 20:01:54
c_0378,Isabella Garcia,isabella@example.com,CA,2025-03-20 10:02:48,2025-03-20 20:30:33
c_0379,  emma  Martin,emma@mail.com,can,2025-03-31 08:18:23,2025-04-13 16:03:35
c_0380,Quinn JOHNSON,quinn@shop.net,US,2025-04-26 21:31:52,2025-06-12 09:03:29
c_0381,Quinn Davis,quinn@test.org,US,2025-05-19 08:10:21,2025-06-26 17:43:17
c_0382,Jordan Lee,jordan@shop.net,US,2025-04-16 17:51:08,2025-05-18 20:07:39
c_0383,Casey DAVIS,casey@mail.com,GB,2025-03-06 13:58:35,2025-04-18 11:40:53
c_0384,  mason  Martinez,mason@mail.com,DE,2025-04-16 14:57:59,2025-06-10 08:35:30
c_0385,Aria Kim,aria@shop.net,US,2025-04-30 08:28:59,2025-06-27 12:05:48
c_0386,Isabella LOPEZ,isabella@shop.net,US,2025-03-19 08:19:53,2025-05-02 11:14:48
c_0387,Skyler Lee,skyler@test.org,US,2025-04-12 15:13:35,2025-04-21 16:39:22
c_0388,  taylor  SMITH,taylor@example.com,US,2025-04-16 16:07:29,2025-05-06 08:01:04
c_0389,Parker Smith,parker@shop.net,US,2025-04-11 09:03:43,2025-05-29 11:16:30
c_0390,  riley  Williams,riley@mail.com,CA,2025-05-02 19:46:25,2025-06-28 16:30:01
c_0391,Skyler Martinez,skyler@example.com,DE,2025-05-12 20:37:21,2025-05-24 15:48:39
c_0392,Quinn Nguyen,quinn@test.org,can,2025-03-11 21:33:16,2025-03-16 09:02:36
c_0393,  liam  Anderson,liam@test.org,CA,2025-04-27 15:40:47,2025-05-22 18:09:05
c_0394,Noah KIM,noah@mail.com,US,2025-04-18 07:03:55,2025-05-15 09:41:11
c_0395,  noah  Martin,noah@mail.com,US,2025-06-08 15:18:45,2025-06-19 20:16:01
c_0396,Parker Nguyen,parker@shop.net,US,2025-04-13 21:37:02,2025-05-16 09:18:42
c_0397,Skyler Davis,skyler@mail.com,us,2025-04-13 12:58:52,2025-05-18 19:56:25
c_0398,Olivia Nguyen,olivia@shop.net,usa,2025-05-03 19:07:48,2025-06-26 13:54:55
c_0399,  mason  Williams,mason@shop.net,DE,2025-03-08 10:20:59,2025-04-05 11:47:20
c_0400,Morgan LEE,morgan@mail.com,US,2025-03-31 10:41:34,2025-04-25 12:02:58
c_0401,Logan Garcia,logan@test.org,gbr,2025-05-06 14:43:57,2025-05-14 14:02:12
c_0402,  emma  Kim,emma@mail.com,US,2025-04-15 08:26:25,2025-05-02 11:44:27
c_0403,  noah  Kim,noah@shop.net,DE,2025-03-15 14:57:14,2025-04-24 15:16:22
c_0404,Jordan Chen,jordan@shop.net,GB,2025-05-23 17:52:01,2025-07-21 08:30:22
c_0405,Avery Chen,avery@shop.net,US,2025-04-14 07:38:37,2025-06-09 18:50:32
c_0406,Ava Lopez,ava@example.com,US,2025-03-04 16:12:43,2025-03-30 08:25:14
c_0407,Parker Lopez,parker@mail.com,DE,2025-04-11 13:20:17,2025-05-12 20:14:41
c_0408,Ava Davis,ava@test.org,GB,2025-04-19 09:34:04,2025-05-21 20:34:46
c_0409,Emery Hernandez,emery@shop.net,US,2025-05-15 07:52:24,2025-06-22 18:35:17
c_0410,Riley Kim,riley@shop.net,DE,2025-03-20 09:08:06,2025-04-07 20:36:49
c_0411,Logan Smith,logan@shop.net,deu,2025-04-18 19:01:33,2025-06-15 20:26:59
c_0412,Sophia Smith,sophia@test.org,US,2025-05-19 10:30:15,2025-06-28 09:09:37
c_0413,Mason Williams,mason@test.org,US,2025-05-11 07:17:42,2025-06-18 21:20:21
c_0414,  avery  Thomas,AVERY@SHOP.NET,DE,2025-03-09 08:55:36,2025-03-27 07:27:17
c_0415,Alex HERNANDEZ,alex@example.com,DE,2025-06-01 18:10:54,2025-06-22 13:16:17
c_0416,Avery Martin,avery@shop net,CA,2025-03-25 12:47:51,2025-03-27 14:28:46
c_0417,Emery Kim,emery@mail com,CA,2025-04-21 10:53:05,2025-05-13 17:34:03
c_0418,Skyler Moore,skyler@shop.net,US,2025-03-14 17:15:55,2025-03-15 19:50:58
c_0419,Noah Davis,noah@shop.net,US,2025-03-17 16:23:23,2025-03-23 14:47:11
c_0420,  aria  BROWN,aria@example.com,CA,2025-04-11 19:44:14,2025-05-09 12:47:14
c_0421,Reese Martin,reese@mail.com,US,2025-05-01 19:59:28,2025-05-24 16:47:22
c_0422,Reese Smith,reese@mail.com,US,2025-04-28 13:08:02,2025-06-19 20:16:49
c_0423,  rowan  Lopez,rowan@mail.com,US,2025-04-04 16:55:23,2025-04-08 19:47:46
c_0424,Parker HERNANDEZ,parker@mail.com,us,2025-03-29 11:27:32,2025-05-04 17:42:05
c_0425,  isabella  Brown,isabella@test.org,US,2025-04-28 10:17:26,2025-05-05 08:31:57
c_0426,Liam WILSON,liam@example.com,CA,2025-03-22 09:16:45,2025-05-06 16:44:53
c_0427,Morgan JONES,morgan@mail.com,DE,2025-03-24 19:23:27,2025-04-30 17:17:33
c_0428,Mason Kim,mason@mail.com,CA,2025-04-14 15:33:16,2025-05-16 15:55:41
c_0429,Riley NGUYEN,riley@shop.net,US,2025-03-16 14:31:19,2025-05-04 09:16:33
c_0430,Taylor Garcia,taylor@mail.com,us,2025-05-02 15:19:56,2025-06-29 08:54:47
c_0431,Aria Martinez,aria@mail.com,US,2025-05-17 17:37:41,2025-06-14 18:07:47
c_0432,Taylor KIM,taylor@shop.net,DE,2025-05-19 21:55:01,2025-06-03 18:58:45
c_0433,Taylor PATEL,taylor@shop.net,GB,2025-05-19 07:49:31,2025-05-30 13:18:06
c_0434,Avery Nguyen,avery@example.com,US,2025-04-25 21:28:55,2025-05-13 16:55:58
c_0435,Isabella Brown,isabella@mail.com,US,2025-03-06 10:00:10,2025-04-17 16:42:39
c_0436,Sophia Garcia,sophia@shop.net,DE,2025-06-08 16:28:48,2025-06-27 20:26:24
c_0437,Mason Patel,mason@test.org,US,2025-03-09 08:24:18,2025-04-03 14:01:18
c_0438,Alex Martinez,alex@test.org,deu,2025-04-05 08:09:37,2025-04-26 11:47:30
c_0439,Casey Davis,casey@mail.com,US,2025-03-28 15:17:12,2025-04-21 17:36:26
c_0440,Jordan Jones,jordan@mail.com,usa,2025-03-23 21:28:07,2025-05-12 07:40:18
c_0441,Ava Johnson,ava@test.org,DE,2025-05-06 17:04:04,2025-05-20 08:27:34
c_0442,Sophia Kim,sophia@test.org,US,2025-06-11 13:46:07,2025-07-05 20:00:12
c_0443,  taylor  Chen,taylor@test.org,us,2025-03-27 13:39:57,2025-05-23 07:13:53
c_0444,Isabella Martinez,isabella@example.com,gb,2025-03-28 20:33:45,2025-04-07 12:04:04
c_0445,Emma Moore,emma@mail.com,US,2025-04-05 15:47:00,2025-05-16 12:08:59
c_0446,Casey LOPEZ,casey@example.com,US,2025-03-13 19:32:32,2025-05-08 13:21:04
c_0447,Emery Hernandez,emery@shop.net,DE,2025-07-04 17:40:54,2025-07-31 07:53:31
c_0448,Parker Davis,parker@shop.net,GB,2025-05-22 14:46:18,2025-06-30 20:25:41
c_0449,Rowan Chen,rowan@example.com,US,2025-04-21 18:12:07,2025-06-05 07:08:27
c_0450,Jordan Lopez,jordan@shop.net,DE,2025-05-23 17:27:20,2025-06-05 10:23:53
c_0451,  riley  Anderson,riley@mail.com,ca,2025-05-10 13:25:24,2025-06-25 07:14:36
c_0452,Liam BROWN,liam@mail.com,US,2025-06-19 15:10:37,2025-07-14 20:15:18
c_0453,  reese  HERNANDEZ,reesetest.org,US,2025-05-13 16:18:48,2025-05-27 21:51:55
c_0454,Ava Kim,ava@mail.com,US,2025-05-13 12:50:08,2025-06-17 18:25:14
c_0455,Mason Martinez,mason@test.org,US,2025-03-22 14:38:35,2025-03-28 19:19:48
c_0456,Avery Anderson,avery@mail.com,us,2025-04-17 12:22:25,2025-05-01 20:11:49
c_0457,Reese Chen,reese@test.org,US,2025-05-02 13:34:13,2025-06-30 17:38:56
c_0458,Emma Garcia,emma@mail.com,US,2025-03-09 10:09:58,2025-03-27 14:53:44
c_0459,Avery Smith,avery@mail.com,DE,2025-03-24 12:59:09,2025-05-02 08:55:44
c_0460,Liam WILSON,liam@test.org,DE,2025-06-05 10:54:13,2025-06-11 17:46:42
c_0461,Mia Johnson,mia@test.org,GB,2025-04-16 21:34:22,2025-04-22 12:46:38
c_0462,Isabella Lee,isabella@mail.com,GB,2025-04-15 21:12:44,2025-05-02 14:42:07
c_0463,Sophia Williams,sophia@example.com,GB,2025-03-22 16:23:12,2025-04-26 19:51:45
c_0464,Ava Kim,ava@mail.com,US,2025-05-16 21:56:00,2025-06-05 21:02:05
c_0465,  aria  Lopez,aria@test.org,CA,2025-04-02 08:06:46,2025-05-07 12:31:42
c_0466,Emma Brown,emma@mail.com,DE,2025-03-12 21:34:30,2025-05-07 18:52:54
c_0467,Casey Jones,casey@mail.com,US,2025-04-27 13:04:46,2025-05-15 16:23:47
c_0468,Logan Smith,logan@example.com,DE,2025-04-04 19:51:47,2025-05-17 13:03:11
c_0469,Liam Lee,liam@shop.net,us,2025-04-19 11:15:52,2025-04-30 09:47:40
c_0470,Quinn NGUYEN,quinn@example.com,US,2025-05-31 14:12:39,2025-07-20 08:53:38
c_0471,Rowan Smith,rowan@mail.com,us,2025-04-02 19:53:36,2025-05-07 09:15:25
c_0472,  parker  SMITH,parker@example.com,US,2025-04-04 08:21:07,2025-04-12 08:08:06
c_0473,Noah Wilson,noah@test.org,US,2025-04-10 08:44:49,2025-06-08 08:14:36
c_0474,Aria ANDERSON,aria@shop.net,CA,2025-04-09 12:39:33,2025-04-29 09:26:08
c_0475,Casey Nguyen,casey@shop.net,US,2025-04-15 07:06:06,2025-05-09 14:18:16
c_0476,Reese Hernandez,reese@example.com,us,2025-03-27 18:10:43,2025-05-17 12:40:52
c_0477,Ava MARTIN,ava@mail.com,DE,2025-05-06 21:06:13,2025-06-15 20:47:05
c_0478,Jordan Wilson,jordan@test.org,GB,2025-03-29 18:53:47,2025-04-07 13:05:23
c_0479,Logan Kim,logan@example.com,US,2025-05-05 07:12:26,2025-05-12 08:17:12
c_0480,Sophia Lopez,sophia@mail.com,US,2025-05-09 16:54:27,2025-05-19 17:34:14
c_0481,Parker Martin,parker@example.com,US,2025-05-05 13:05:29,2025-06-04 13:06:55
c_0482,  mason  Brown,mason@shop.net,US,2025-03-28 19:30:12,2025-04-25 18:50:01
c_0483,Alex Brown,alex@shop.net,US,2025-05-12 13:22:49,2025-05-23 20:42:27
c_0484,Mason Williams,mason@test.org,DE,2025-03-11 19:36:13,2025-05-04 17:19:43
c_0485,Aria Davis,aria@shop.net,US,2025-03-19 08:41:27,2025-04-06 18:03:00
c_0486,Aria WILLIAMS,aria@test.org,US,2025-03-30 20:06:22,2025-04-22 17:21:59
c_0487,Morgan KIM,morgan@mail.com,GB,2025-04-08 14:57:11,2025-05-27 16:13:08
c_0488,  reese  Davis,reese@example.com,US,2025-03-26 16:33:15,2025-03-30 15:36:07
c_0489,  olivia  LOPEZ,olivia@test.org,CA,2025-03-29 12:45:17,2025-05-22 07:40:44
c_0490,Mason WILLIAMS,mason@shop.net,CA,2025-03-06 12:15:25,2025-05-03 15:36:22
c_0491,Quinn HERNANDEZ,quinn@test.org,CA,2025-05-02 11:13:08,2025-06-16 16:06:27
c_0492,Emery Lopez,emery@example.com,DE,2025-04-02 07:42:04,2025-04-23 15:58:08
c_0493,Morgan Jones,morgan@mail.com,CA,2025-03-07 12:13:10,2025-03-22 09:22:33
c_0494,Parker Martinez,parker@shop.net,US,2025-05-10 10:25:55,2025-06-27 14:25:21
c_0495,Avery Patel,avery@test.org,GB,2025-04-29 08:32:53,2025-05-05 19:44:15
c_0496,Casey Garcia,casey@test.org,GB,2025-05-03 15:27:30,2025-06-08 07:34:39
c_0497,  sophia  Martinez,sophia@mail.com,CA,2025-03-15 15:27:58,2025-03-31 13:32:39
c_0498,  alex  Patel,alex@mail.com,US,2025-04-08 20:15:11,2025-05-10 16:01:17
c_0499,Quinn CHEN,quinn@mail.com,US,2025-04-20 20:19:25,2025-05-19 21:06:06
c_0500,Noah Kim,noah@example.com,GB,2025-05-17 10:20:45,2025-05-24 16:21:29
c_0501,  mason  Jones,mason@mail.com,CA,2025-04-21 09:54:14,2025-05-06 07:47:46
c_0502,Mason MARTIN,mason@mail.com,US,2025-03-30 21:52:30,2025-04-19 09:37:11
c_0503,Emery Thomas,emery@test.org,GB,2025-05-01 07:38:46,2025-06-27 07:28:07
c_0504,Jordan Martinez,jordan@example.com,US,2025-05-22 14:32:24,2025-06-27 07:02:39
c_0505,Reese Lee,reese@test.org,US,2025-03-20 10:42:22,2025-04-04 20:31:02
c_0506,Emma LEE,emma@test.org,US,2025-04-21 19:30:00,2025-06-05 08:17:17
c_0507,Riley Martin,riley@mail.com,US,2025-03-28 17:37:07,2025-04-06 07:23:38
c_0508,Alex Johnson,alex@test.org,US,2025-05-11 13:05:54,2025-05-17 10:50:59
c_0509,Ava Moore,ava@mail com,us,2025-06-11 07:32:32,2025-07-12 13:03:27
c_0510,  isabella  Davis,isabella@mail.com,US,2025-04-02 08:03:47,2025-05-01 10:05:02
c_0511,Noah Hernandez,noah@test.org,GB,2025-03-18 12:26:14,2025-03-22 13:44:56
c_0512,Taylor Martinez,taylor@shop.net,US,2025-04-29 19:59:53,2025-06-13 19:04:09
c_0513,Skyler Johnson,skyler@mail.com,US,2025-03-21 14:31:54,2025-04-28 07:07:45
c_0514,  emery  Kim,emery@example.com,US,2025-04-23 15:47:26,2025-06-08 14:55:16
c_0515,Casey Davis,casey@test.org,US,2025-03-09 07:54:28,2025-03-22 11:53:44
c_0516,Parker MARTINEZ,parker@test.org,US,2025-05-12 13:06:57,2025-06-16 13:57:15
c_0517,Mason NGUYEN,mason@shop.net,US,2025-03-08 21:02:20,2025-03-25 20:59:29
c_0518,Reese Hernandez,reese@mail.com,US,2025-03-22 17:35:12,2025-05-03 15:08:54
c_0519,  ava  MOORE,ava@example.com,usa,2025-03-26 16:19:43,2025-04-04 20:08:14
c_0520,Logan Smith,logan@shop.net,US,2025-05-12 09:41:12,2025-05-31 15:05:46
c_0521,Mason Nguyen,mason@mail.com,CA,2025-04-06 10:15:34,2025-04-22 12:52:22
c_0522,Quinn Lee,quinn@mail.com,US,2025-04-07 21:24:43,2025-04-26 15:29:13
c_0523,Sophia JONES,sophia@mail.com,CA,2025-04-05 13:08:09,2025-05-24 11:57:33
c_0524,Reese Jones,reese@example.com,US,2025-04-20 09:09:14,2025-06-12 10:35:28
c_0525,Olivia Lopez,olivia@test.org,US,2025-04-16 16:47:17,2025-05-14 08:15:28
c_0526,  alex  Wilson,alex@mail.com,DE,2025-04-02 09:17:48,2025-05-20 12:27:06
c_0527,Riley Davis,riley@mail.com,US,2025-03-29 21:28:43,2025-04-13 13:39:25
c_0528,Riley GARCIA,riley@mail.com,US,2025-03-11 20:05:37,2025-04-21 07:43:54
c_0529,Isabella Williams,ISABELLA@TEST.ORG,US,2025-04-07 20:14:52,2025-04-24 21:15:56
c_0530,Alex Williams,alex@shop.net,DE,2025-03-13 07:55:28,2025-04-18 11:39:09
c_0531,Noah Hernandez,noah@mail.com,US,2025-04-11 18:32:57,2025-04-20 13:14:25
c_0532,Reese Chen,REESE@EXAMPLE.COM,US,2025-04-03 09:48:49,2025-05-20 20:12:38
c_0533,Olivia Davis,olivia@shop.net,CA,2025-03-29 07:15:15,2025-04-18 17:27:50
c_0534,  mia  Wilson,mia@mail.com,GB,2025-04-17 16:39:16,2025-05-13 16:53:32
c_0535,Riley Smith,riley@example.com,CA,2025-04-21 16:54:30,2025-06-16 08:00:16
c_0536,  mason  Nguyen,mason@mail.com,US,2025-04-14 08:39:56,2025-04-26 08:56:54
c_0537,  sophia  KIM,sophia@shop.net,US,2025-03-21 19:07:46,2025-05-03 21:44:52
c_0538,Quinn ANDERSON,quinn@test.org,GB,2025-04-12 14:24:54,2025-04-20 15:46:08
c_0539,Rowan Jones,rowan@mail.com,US,2025-03-30 12:05:46,2025-04-13 13:43:47
c_0540,  logan  Martin,logan@mail.com,US,2025-05-23 19:08:08,2025-06-14 12:01:15
c_0541,Parker Chen,parker@test.org,US,2025-03-31 18:45:09,2025-05-15 10:02:24
c_0542,Isabella Lopez,isabella@test.org,US,2025-04-15 17:17:41,2025-05-12 15:05:32
c_0543,Casey WILLIAMS,casey@shop.net,usa,2025-03-25 18:24:00,2025-05-04 08:47:26
c_0544,Jordan Moore,JORDAN@EXAMPLE.COM,US,2025-03-22 14:56:49,2025-05-20 12:40:28
c_0545,Skyler Williams,skyler@shop.net,US,2025-03-26 14:44:59,2025-04-13 10:56:53
c_0546,Casey Moore,casey@shop.net,GB,2025-04-20 08:48:46,2025-04-23 09:38:24
c_0547,  noah  CHEN,noah@test org,DE,2025-03-26 19:00:29,2025-05-19 14:44:00
c_0548,Taylor Brown,taylor@shop.net,US,2025-04-17 20:16:08,2025-06-14 15:36:23
c_0549,Avery Jones,avery@mail.com,DE,2025-04-16 14:34:37,2025-06-10 15:16:02
c_0550,Jordan Davis,jordan@shop.net,de,2025-04-09 12:17:02,2025-05-12 14:00:05
c_0551,Emma Moore,emma@shop.net,US,2025-03-16 21:56:45,2025-04-14 21:42:40
c_0552,Avery Hernandez,avery@mail.com,DE,2025-05-31 08:44:30,2025-07-19 20:13:09
c_0553,Morgan Hernandez,morgan@example.com,DE,2025-03-15 09:18:45,2025-03-25 15:02:35
c_0554,  morgan  JONES,morgan@mail.com,DE,2025-04-22 11:19:53,2025-05-03 13:57:14
c_0555,  alex  Johnson,alex@test org,CA,2025-04-27 15:06:58,2025-05-11 14:15:25
c_0556,Taylor Anderson,taylor@example.com,DE,2025-04-06 10:28:16,2025-05-26 16:40:21
c_0557,Rowan Wilson,rowan@shop.net,US,2025-04-21 17:41:18,2025-06-13 20:24:33
c_0558,Mia CHEN,mia@shop.net,US,2025-03-09 11:39:38,2025-03-18 11:02:46
c_0559,Liam MARTINEZ,liam@mail.com,US,2025-04-01 18:57:12,2025-04-10 20:32:01
c_0560,Jordan Smith,jordan@mail.com,DE,2025-04-01 14:47:48,2025-05-12 10:03:37
c_0561,Rowan Thomas,rowan@mail.com,DE,2025-03-17 16:07:40,2025-03-26 19:28:19
c_0562,Liam Moore,liam@test.org,us,2025-03-02 20:46:36,2025-04-07 11:52:23
c_0563,  jordan  Thomas,jordan@shop.net,us,2025-04-03 13:00:27,2025-05-04 07:49:03
c_0564,  isabella  Martin,isabella@test.org,usa,2025-05-23 14:37:44,2025-06-15 21:28:36
c_0565,  quinn  Williams,quinn@example com,US,2025-04-01 18:47:34,2025-05-11 11:12:34
c_0566,Skyler Thomas,skyler@mail.com,CA,2025-04-09 08:03:49,2025-05-04 18:27:24
c_0567,Casey Davis,casey@test.org,US,2025-03-05 12:36:51,2025-04-15 12:05:53
c_0568,Liam Chen,liam@example.com,US,2025-05-22 20:29:59,2025-07-07 16:41:31
c_0569,Isabella Garcia,isabella@test.org,US,2025-05-02 09:45:24,2025-06-22 16:54:53
c_0570,Emery Lee,emery@example.com,US,2025-06-19 12:42:02,2025-07-31 11:23:53
c_0571,Morgan Smith,morgan@test.org,DE,2025-06-06 08:13:57,2025-06-25 12:24:15
c_0572,  noah  Lee,noah@example.com,CA,2025-04-01 08:40:56,2025-05-12 08:34:33
c_0573,  riley  Davis,riley@test.org,GB,2025-03-25 16:35:08,2025-04-18 18:09:58
c_0574,Emery Nguyen,emery@example.com,US,2025-04-08 16:27:26,2025-06-02 09:56:44
c_0575,Olivia Garcia,olivia@test.org,usa,2025-05-09 10:41:54,2025-05-18 09:35:47
c_0576,Mia Patel,mia@shop.net,US,2025-04-13 14:03:39,2025-05-17 10:40:53
c_0577,Alex MARTINEZ,alex@test.org,CA,2025-03-23 21:07:31,2025-04-23 12:25:29
c_0578,Logan Jones,logan@test.org,CA,2025-03-23 14:24:45,2025-04-04 10:51:54
c_0579,  rowan  Hernandez,rowan@test.org,CA,2025-03-22 19:08:27,2025-03-22 12:46:22
c_0580,Mason Patel,mason@shop.net,can,2025-04-24 15:41:42,2025-04-26 19:08:13
c_0581,Casey Johnson,casey@example.com,us,2025-03-24 21:25:39,2025-04-07 19:41:50
c_0582,Taylor Martin,taylor@shop.net,US,2025-04-10 15:22:04,2025-05-31 11:55:05
c_0583,  liam  Anderson,liam@example.com,US,2025-03-21 20:25:35,2025-05-11 16:27:04
c_0584,Emma WILLIAMS,emma@example.com,US,2025-04-10 12:20:41,2025-06-06 07:04:17
c_0585,Liam Patel,liam@shop.net,GB,2025-03-12 12:34:29,2025-04-28 11:50:39
c_0586,Casey Chen,casey@test.org,DE,2025-04-30 21:43:34,2025-06-13 11:54:04
c_0587,Riley Kim,riley@mail.com,US,2025-03-19 07:03:41,2025-05-17 07:42:47
c_0588,Reese Johnson,reese@mail.com,US,2025-03-31 11:56:22,2025-05-08 13:27:18
c_0589,  liam  Wilson,LIAM@EXAMPLE.COM,US,2025-04-29 13:42:35,2025-05-27 20:45:20
c_0590,  sophia  Johnson,sophia@example.com,US,2025-03-17 17:00:14,2025-05-11 14:03:17
c_0591,Liam SMITH,liamexample.com,US,2025-03-23 10:41:06,2025-04-21 16:49:53
c_0592,Riley SMITH,riley@example.com,usa,2025-05-01 09:25:32,2025-06-21 20:25:36
c_0593,Alex Jones,alex@example.com,us,2025-04-27 15:09:26,2025-04-30 12:14:41
c_0594,  sophia  Chen,sophia@mail.com,US,2025-04-08 18:39:10,2025-04-29 21:30:50
c_0595,  parker  Martinez,parker@mail.com,US,2025-03-28 17:35:31,2025-05-04 15:14:30
c_0596,Riley ANDERSON,riley@shop.net,US,2025-04-11 19:27:12,2025-04-25 14:44:58
c_0597,Skyler Williams,skyler@test.org,usa,2025-03-13 10:11:18,2025-03-25 17:37:32
c_0598,Jordan Hernandez,jordan@test.org,GB,2025-03-17 18:43:13,2025-03-19 13:10:07
c_0599,  casey  Brown,casey@test.org,usa,2025-03-22 17:46:57,2025-05-15 12:25:43
c_0600,  emma  Chen,emma@mail.com,GB,2025-05-20 15:23:30,2025-05-27 15:16:41
c_0601,Taylor Brown,taylor@mail.com,de,2025-04-01 10:17:46,2025-04-18 21:34:38
c_0602,Riley Hernandez,riley@mail.com,US,2025-05-01 18:15:05,2025-06-28 20:50:47
c_0603,Morgan Nguyen,morgan@mail.com,GB,2025-03-12 16:56:55,2025-04-02 12:59:29
c_0604,  olivia  Williams,olivia@example.com,US,2025-03-10 15:10:59,2025-04-20 12:33:34
c_0605,  quinn  JONES,quinn@test.org,CA,2025-05-03 15:38:24,2025-06-17 08:10:45
c_0606,  casey  Johnson,casey@shop.net,US,2025-03-20 13:05:30,2025-04-24 07:52:42
c_0607,Morgan Johnson,morgan@shop.net,GB,2025-05-15 09:15:41,2025-06-15 17:24:16
c_0608,Mia Lee,mia@test.org,US,2025-05-17 13:50:02,2025-06-16 18:50:39
c_0609,Morgan Moore,morgan@mail.com,US,2025-03-24 17:24:54,2025-05-17 18:52:21
c_0610,Skyler Anderson,skyler@shop.net,US,2025-04-03 15:03:42,2025-05-14 15:35:34
c_0611,  reese  Garcia,reese@mail.com,US,2025-03-24 07:17:13,2025-04-04 07:14:11
c_0612,Mason Chen,mason@shop.net,CA,2025-04-11 20:16:33,2025-04-30 08:47:11
c_0613,Skyler WILSON,skyler@mail.com,US,2025-03-13 16:33:15,2025-05-05 14:45:28
c_0614,Aria Wilson,aria@mail.com,CA,2025-05-05 13:25:59,2025-05-26 21:28:04
c_0615,Sophia Chen,sophia@shop.net,US,2025-03-15 19:12:41,2025-03-19 21:14:17
c_0616,Noah KIM,noah@shop.net,US,2025-03-18 17:09:22,2025-04-29 21:44:22
c_0617,Parker NGUYEN,parker@test.org,US,2025-04-20 19:49:41,2025-06-06 07:52:49
c_0618,Emma Kim,emma@example.com,US,2025-03-11 09:22:16,2025-04-15 13:25:42
c_0619,Noah Lopez,noah@example.com,DE,2025-04-24 19:38:09,2025-06-20 13:54:27
c_0620,Noah Johnson,noah@example.com,DE,2025-04-16 12:58:51,2025-06-05 19:57:05
c_0621,Casey DAVIS,casey@example.com,us,2025-05-06 11:47:07,2025-05-29 18:15:09
c_0622,Olivia Hernandez,olivia@shop.net,de,2025-03-31 16:52:43,2025-05-16 11:09:27
c_0623,Liam ANDERSON,liam@shop.net,DE,2025-03-21 20:33:17,2025-04-14 14:48:55
c_0624,Isabella SMITH,isabella@test.org,US,2025-04-08 07:46:11,2025-06-04 13:38:42
c_0625,Avery Williams,avery@mail.com,US,2025-03-29 19:07:10,2025-05-20 21:44:17
c_0626,Noah Anderson,noah@test.org,DE,2025-05-12 13:04:15,2025-06-26 17:53:34
c_0627,  mason  Jones,mason@shop.net,US,2025-04-03 21:54:33,2025-04-11 14:59:08
c_0628,Emery Jones,emery@example.com,US,2025-04-04 20:40:20,2025-05-21 13:46:57
c_0629,Avery Patel,avery@test.org,DE,2025-04-18 13:34:44,2025-04-21 16:54:01
c_0630,Rowan Davis,rowan@example.com,US,2025-04-23 17:13:15,2025-06-16 16:19:15
c_0631,Jordan WILSON,jordan@mail.com,usa,2025-04-04 18:15:55,2025-05-12 16:22:47
c_0632,  olivia  Thomas,olivia@mail.com,US,2025-04-01 10:10:56,2025-05-04 20:02:56
c_0633,  alex  Smith,alex@mail.com,US,2025-04-08 10:05:53,2025-05-22 07:07:49
c_0634,Ava PATEL,ava@shop.net,US,2025-05-03 12:10:28,2025-05-20 16:40:57
c_0635,  casey  Smith,casey@mail.com,US,2025-05-06 20:45:27,2025-06-15 15:51:31
c_0636,  jordan  Lee,jordan@test.org,US,2025-04-25 19:33:58,2025-06-09 10:06:32
c_0637,Taylor Martin,taylor@test.org,CA,2025-05-24 15:03:45,2025-06-12 07:27:36
c_0638,Quinn Garcia,quinn@test.org,deu,2025-04-30 19:30:27,2025-05-01 17:47:51
c_0639,  avery  GARCIA,avery@mail.com,GB,2025-04-14 20:25:30,2025-05-03 09:02:55
c_0640,Parker CHEN,parker@mail.com,usa,2025-03-24 21:36:32,2025-04-16 10:53:21
c_0641,Logan Nguyen,logan@mail.com,gb,2025-03-21 09:30:19,2025-04-27 21:18:01
c_0642,Parker Smith,parker@test.org,GB,2025-04-03 14:09:01,2025-05-02 12:31:34
c_0643,Emma Nguyen,emma@example.com,US,2025-04-12 12:01:50,2025-04-30 16:05:19
c_0644,Isabella Hernandez,isabella@shop.net,US,2025-05-06 16:28:15,2025-06-10 12:13:57
c_0645,Olivia Kim,olivia@example.com,US,2025-04-08 16:00:12,2025-04-28 20:46:16
c_0646,Rowan Smith,rowan@mail.com,DE,2025-03-23 14:13:36,2025-05-08 09:41:38
c_0647,Reese Hernandez,reese@shop.net,GB,2025-03-31 08:49:09,2025-04-22 07:29:12
c_0648,Emery Smith,emery@test.org,US,2025-05-11 17:52:02,2025-06-18 15:07:25
c_0649,Reese Thomas,reese@shop.net,US,2025-03-15 14:02:51,2025-05-05 21:32:41
c_0650,  jordan  Smith,jordan@shop.net,US,2025-04-11 10:53:45,2025-06-04 17:19:58
c_0651,Avery Brown,avery@mail.com,US,2025-03-07 20:12:48,2025-04-07 08:12:16
c_0652,Aria Davis,aria@test.org,DE,2025-04-26 08:59:00,2025-06-08 20:22:24
c_0653,  reese  Nguyen,reese@shop.net,GB,2025-03-11 14:43:30,2025-04-02 12:29:36
c_0654,  alex  MOORE,alex@example.com,GB,2025-03-03 07:53:46,2025-04-23 16:45:38
c_0655,Morgan Nguyen,morgan@example.com,US,2025-05-08 11:41:16,2025-06-29 17:02:59
c_0656,  jordan  Anderson,jordan@example.com,usa,2025-05-28 08:15:27,2025-07-19 18:54:21
c_0657,Mia CHEN,mia@example.com,gbr,2025-05-13 09:20:47,2025-05-26 12:48:01
c_0658,  liam  Moore,liam@shop.net,DE,2025-04-16 18:25:47,2025-04-18 18:07:04
c_0659,Reese Williams,reese@shop.net,us,2025-03-31 14:32:45,2025-04-09 13:37:13
c_0660,Jordan JOHNSON,jordan@test.org,CA,2025-06-16 14:16:55,2025-07-04 14:17:11
c_0661,  logan  WILSON,logan@shop.net,US,2025-03-29 16:00:20,2025-05-25 15:31:52
c_0662,Emery Lopez,emery@example.com,US,2025-04-27 12:55:09,2025-05-15 20:15:44
c_0663,Emery Martin,emery@test.org,GB,2025-05-28 15:39:37,2025-07-20 10:17:15
c_0664,Parker Patel,parker@test.org,gb,2025-04-25 20:57:55,2025-05-26 21:43:11
c_0665,Casey Martin,casey@example.com,US,2025-03-26 21:59:09,2025-04-14 21:16:10
c_0666,Jordan Thomas,jordan@shop.net,CA,2025-03-20 19:37:25,2025-04-20 10:16:04
c_0667,Liam Lee,liam@shop.net,US,2025-03-05 12:50:19,2025-03-06 07:15:56
c_0668,Skyler Nguyen,skyler@shop.net,gb,2025-04-07 09:34:09,2025-04-10 18:17:13
c_0669,Skyler Williams,skyler@test.org,US,2025-05-12 13:26:24,2025-07-02 12:47:12
c_0670,Liam Johnson,liam@example.com,gb,2025-05-19 15:11:56,2025-06-04 15:32:22
c_0671,Rowan JONES,rowan@shop.net,US,2025-04-18 08:12:41,2025-05-14 12:09:36
c_0672,Riley Smith,riley@shop.net,GB,2025-04-19 08:18:43,2025-05-25 08:57:09
c_0673,Rowan Lopez,rowan@test.org,US,2025-05-02 16:24:13,2025-06-03 12:37:03
c_0674,  rowan  Thomas,rowan@mail.com,CA,2025-03-20 15:41:44,2025-04-01 07:30:52
c_0675,Riley Jones,riley@test.org,US,2025-03-18 15:09:28,2025-03-30 20:37:19
c_0676,Sophia Smith,sophia@shop.net,DE,2025-05-01 21:20:00,2025-05-08 19:53:49
c_0677,Aria Smith,aria@mail.com,US,2025-03-24 15:59:09,2025-03-25 08:38:36
c_0678,  avery  Chen,avery@example.com,US,2025-04-26 14:53:35,2025-06-24 10:51:05
c_0679,Alex Thomas,alex@example.com,CA,2025-05-31 11:13:05,2025-07-29 13:54:52
c_0680,Liam Johnson,liam@test.org,GB,2025-04-15 10:29:38,2025-05-03 21:45:26
c_0681,Quinn Nguyen,quinn@test.org,us,2025-03-08 16:34:57,2025-04-01 09:52:51
c_0682,  sophia  Davis,sophia@shop.net,US,2025-03-12 08:10:47,2025-04-25 16:46:26
c_0683,Skyler Kim,skyler@mail.com,US,2025-03-31 20:04:50,2025-05-01 11:46:31
c_0684,Quinn Anderson,quinn@example.com,DE,2025-03-28 10:16:38,2025-04-29 08:11:04
c_0685,Mason Brown,mason@example.com,US,2025-05-22 19:17:45,2025-06-03 08:53:01
c_0686,  taylor  Brown,taylor@example.com,DE,2025-04-07 15:45:21,2025-05-22 10:49:46
c_0687,Isabella MOORE,isabella@test.org,US,2025-05-31 16:37:43,2025-07-10 12:26:34
c_0688,  skyler  JOHNSON,skyler@shop.net,DE,2025-05-08 17:41:22,2025-05-13 20:08:27
c_0689,Mia HERNANDEZ,mia@mail.com,US,2025-04-19 17:53:33,2025-06-02 11:58:12
c_0690,Sophia LEE,sophia@test.org,US,2025-04-16 17:23:55,2025-04-26 21:40:34
c_0691,Liam Anderson,liam@example.com,US,2025-03-15 20:07:50,2025-04-09 07:47:24
c_0692,Mia Hernandez,mia@test.org,US,2025-06-01 19:26:00,2025-07-19 08:17:35
c_0693,Quinn Lee,quinn@shop.net,DE,2025-05-11 13:24:40,2025-06-15 16:27:27
c_0694,  ava  Williams,ava@mail.com,US,2025-03-31 14:49:23,2025-05-09 09:38:24
c_0695,  olivia  CHEN,olivia@example.com,US,2025-03-12 19:46:31,2025-04-05 08:11:23
c_0696,Parker Moore,parker@shop.net,US,2025-04-19 10:29:48,2025-04-21 11:57:06
c_0697,Liam MARTIN,liam@test.org,US,2025-03-02 15:01:56,2025-04-06 17:59:19
c_0698,Sophia Smith,sophia@mail.com,de,2025-04-21 14:47:54,2025-06-14 14:51:39
c_0699,Riley Garcia,riley@mail.com,US,2025-03-26 07:21:14,2025-04-21 10:19:02
c_0700,  emery  Johnson,emery@example.com,CA,2025-05-29 10:30:02,2025-07-08 14:02:32
c_0701,Olivia Martinez,olivia@example.com,US,2025-03-13 09:40:28,2025-04-18 17:39:50
c_0702,Noah Hernandez,noah@mail.com,us,2025-06-20 08:01:59,2025-07-23 17:05:38
c_0703,Riley CHEN,riley@shop.net,DE,2025-04-20 11:17:41,2025-05-07 14:32:14
c_0704,Taylor Hernandez,taylor@shop.net,de,2025-03-27 19:08:44,2025-04-03 19:40:55
c_0705,Mia WILSON,mia@mail.com,deu,2025-04-11 18:37:21,2025-05-29 11:28:44
c_0706,Emery Smith,emery@example.com,CA,2025-04-02 14:21:59,2025-05-18 12:41:35
c_0707,Logan WILSON,logan@example.com,US,2025-04-27 18:59:27,2025-04-27 13:36:30
c_0708,Alex Lee,alex@mail.com,usa,2025-03-22 15:28:11,2025-05-03 09:19:16
c_0709,  parker  JOHNSON,PARKER@MAIL.COM,US,2025-03-12 17:26:12,2025-04-01 08:28:38
c_0710,  isabella  Lee,isabellashop.net,deu,2025-03-18 13:17:50,2025-03-30 14:54:11
c_0711,Reese Johnson,reese@test.org,DE,2025-04-19 19:32:23,2025-04-23 15:30:28
c_0712,Casey Chen,casey@shop.net,US,2025-03-26 17:15:34,2025-05-18 15:34:18
c_0713,Reese Lopez,reese@shop.net,US,2025-03-16 17:03:16,2025-03-30 11:20:56
c_0714,Mia Brown,mia@test.org,US,2025-04-16 19:30:24,2025-05-12 08:09:09
c_0715,Casey Patel,casey@example.com,US,2025-04-24 16:28:37,2025-05-14 09:36:45
c_0716,Rowan Martinez,rowan@test.org,US,2025-04-24 14:16:26,2025-05-28 07:10:54
c_0717,Avery Kim,avery@example.com,DE,2025-03-12 19:38:44,2025-04-20 16:05:02
c_0718,Riley GARCIA,riley@example.com,us,2025-05-19 21:57:13,2025-05-31 15:06:23
c_0719,Liam PATEL,liam@shop.net,CA,2025-03-19 12:53:02,2025-03-30 16:57:52
c_0720,  sophia  Patel,sophia@test.org,CA,2025-05-11 10:51:41,2025-06-27 08:45:39
c_0721,  riley  GARCIA,RILEY@TEST.ORG,US,2025-04-22 17:59:24,2025-06-12 10:59:31
c_0722,  liam  LEE,liam@shop.net,CA,2025-04-29 09:28:20,2025-06-14 16:51:27
c_0723,Liam Johnson,liamtest.org,DE,2025-04-04 15:29:33,2025-04-25 18:47:40
c_0724,Olivia Jones,olivia@example.com,us,2025-04-28 14:18:52,2025-05-03 17:49:09
c_0725,Olivia Davis,olivia@test.org,DE,2025-04-30 19:37:08,2025-05-17 10:33:06
c_0726,Morgan Moore,morgan@mail.com,US,2025-03-29 19:31:17,2025-05-13 19:03:22
c_0727,Jordan Brown,jordan@example.com,US,2025-03-19 10:44:52,2025-04-16 07:46:49
c_0728,Reese Patel,reese@mail.com,US,2025-05-03 15:43:42,2025-05-29 09:46:20
c_0729,Skyler Lee,skyler@example.com,US,2025-04-15 13:29:32,2025-06-09 08:55:43
c_0730,Liam Kim,liam@mail.com,DE,2025-06-29 20:33:56,2025-07-31 21:42:23
c_0731,Rowan Martinez,rowan@shop.net,US,2025-05-12 14:28:45,2025-06-19 18:44:46
c_0732,Sophia Johnson,sophia@example.com,US,2025-05-11 17:47:36,2025-05-29 18:34:43
c_0733,Aria Wilson,aria@test.org,US,2025-05-13 20:03:16,2025-07-06 21:47:04
c_0734,Emma Jones,emma@mail.com,US,2025-06-09 13:56:56,2025-07-26 18:02:16
c_0735,Isabella Chen,isabella@mail.com,GB,2025-03-27 14:42:41,2025-04-05 08:35:35
c_0736,Rowan Thomas,rowan@test.org,DE,2025-04-02 18:03:44,2025-04-22 19:14:50
c_0737,  mason  Smith,mason@shop net,US,2025-04-19 11:56:33,2025-06-07 18:42:16
c_0738,  quinn  Martinez,quinn@test.org,CA,2025-03-06 10:46:44,2025-04-25 12:45:06
c_0739,  alex  Martinez,alex@test.org,US,2025-03-14 15:40:30,2025-03-24 12:02:32
c_0740,Emma Kim,emma@shop.net,US,2025-04-03 13:12:45,2025-05-12 09:10:01
c_0741,  liam  CHEN,liam@example.com,US,2025-03-24 17:53:15,2025-04-28 12:54:04
c_0742,Logan Kim,logan@shop.net,US,2025-05-27 14:43:00,2025-05-29 08:50:53
c_0743,Olivia Patel,olivia@mail.com,US,2025-04-08 07:21:04,2025-05-27 19:24:05
c_0744,Mason Nguyen,mason@example.com,US,2025-04-16 17:30:26,2025-06-05 16:45:47
c_0745,Parker LEE,parker@shop.net,DE,2025-03-31 16:07:50,2025-04-01 16:10:13
c_0746,Reese Garcia,reese@example.com,DE,2025-06-01 16:11:47,2025-06-29 07:07:32
c_0747,  olivia  Moore,olivia@mail.com,DE,2025-03-07 11:11:53,2025-03-09 07:00:44
c_0748,  emery  Martinez,emery@example.com,de,2025-04-19 10:33:06,2025-04-29 18:44:19
c_0749,Ava Davis,ava@example.com,US,2025-03-21 09:35:12,2025-04-22 21:08:34
c_0750,Jordan Wilson,jordantest.org,US,2025-03-29 12:56:21,2025-05-17 16:21:09
c_0751,Aria Chen,aria@example.com,GB,2025-03-24 21:00:24,2025-04-11 16:34:56
c_0752,Aria Patel,aria@test.org,US,2025-04-25 20:50:50,2025-05-07 13:25:43
c_0753,  isabella  Johnson,isabella@test.org,DE,2025-04-20 18:49:42,2025-06-03 07:06:14
c_0754,Riley CHEN,riley@mail.com,US,2025-04-28 13:01:09,2025-06-09 12:07:14
c_0755,Quinn Kim,QUINN@SHOP.NET,DE,2025-05-08 11:44:13,2025-06-14 17:51:20
c_0756,Rowan Martin,rowan@shop.net,gb,2025-05-05 18:54:01,2025-06-11 17:36:59
c_0757,Morgan Johnson,morgan@test.org,US,2025-04-07 12:28:43,2025-05-05 11:51:39
c_0758,Reese Lopez,reese@test.org,DE,2025-03-30 16:03:22,2025-05-28 20:04:01
c_0759,Emery Thomas,emery@shop.net,us,2025-04-03 11:02:24,2025-06-01 10:57:46
c_0760,Reese Wilson,reese@shop.net,US,2025-03-15 09:19:31,2025-04-12 18:54:15
c_0761,Casey Anderson,casey@mail.com,US,2025-03-16 19:16:02,2025-05-06 16:06:26
c_0762,Rowan Hernandez,rowan@mail.com,GB,2025-03-08 21:26:15,2025-03-23 07:58:09
c_0763,Avery Wilson,avery@shop.net,US,2025-03-19 12:49:45,2025-03-23 10:27:54
c_0764,  alex  Martinez,alex@example.com,US,2025-05-23 08:53:11,2025-06-07 15:59:51
c_0765,Reese Martin,reese@mail.com,GB,2025-03-03 16:52:41,2025-03-04 21:37:55
c_0766,  sophia  PATEL,sophia@mail.com,DE,2025-04-18 14:02:07,2025-05-01 19:49:36
c_0767,Olivia Jones,OLIVIA@EXAMPLE.COM,CA,2025-04-15 21:14:10,2025-05-17 10:14:52
c_0768,Mason Hernandez,mason@mail.com,US,2025-04-06 07:10:38,2025-04-27 14:50:56
c_0769,Morgan PATEL,MORGAN@MAIL.COM,DE,2025-03-13 18:12:31,2025-04-18 20:07:06
c_0770,Reese Jones,reese@mail.com,DE,2025-03-16 19:21:36,2025-03-29 13:09:30
c_0771,Reese Garcia,reese@test org,US,2025-05-21 09:29:37,2025-06-28 14:28:05
c_0772,Taylor Nguyen,taylor@shop.net,US,2025-04-12 09:32:03,2025-04-15 18:33:11
c_0773,Mason Kim,mason@shop.net,GB,2025-07-05 07:23:57,2025-07-31 17:06:29
c_0774,Logan Lopez,logan@shop.net,US,2025-04-29 21:08:12,2025-06-05 13:32:08
c_0775,Taylor Johnson,taylor@test.org,GB,2025-04-13 17:56:27,2025-05-19 12:46:18
c_0776,Ava Lopez,ava@test.org,US,2025-03-05 13:26:29,2025-04-25 12:46:28
c_0777,Logan WILSON,logan@test.org,US,2025-06-05 07:06:33,2025-07-11 13:06:40
c_0778,Sophia Patel,sophia@example.com,US,2025-05-28 11:41:37,2025-06-22 18:41:42
c_0779,Mia Chen,mia@test.org,gb,2025-04-21 10:29:06,2025-05-07 07:38:37
c_0780,Casey Anderson,casey@example.com,US,2025-04-22 18:26:01,2025-06-16 16:04:26
c_0781,  morgan  Hernandez,morgan@example.com,US,2025-04-15 08:55:59,2025-04-23 17:32:31
c_0782,Rowan Martinez,rowan@test.org,US,2025-03-29 19:37:55,2025-05-04 12:13:14
c_0783,Isabella Lopez,isabella@shop.net,gb,2025-05-07 14:16:11,2025-05-14 20:30:11
c_0784,Jordan Davis,jordan@mail.com,US,2025-04-20 12:03:31,2025-06-17 19:28:45
c_0785,Reese Lopez,reese@mail.com,CA,2025-04-08 11:51:13,2025-04-10 16:18:40
c_0786,Liam Smith,liam@shop.net,ca,2025-04-30 19:54:15,2025-06-01 18:56:07
c_0787,Olivia Brown,olivia@mail.com,GB,2025-03-18 19:27:50,2025-04-19 13:25:15
c_0788,Alex Anderson,alex@example.com,US,2025-04-13 07:31:57,2025-04-20 17:10:46
c_0789,Taylor Martinez,taylor@test.org,US,2025-03-17 07:07:59,2025-04-03 11:33:23
c_0790,Casey Hernandez,casey@test.org,GB,2025-03-20 14:06:41,2025-04-06 15:01:39
c_0791,Sophia Lee,sophiatest.org,GB,2025-03-14 10:34:43,2025-04-23 21:51:39
c_0792,Rowan Martinez,rowan@shop.net,US,2025-04-26 09:09:51,2025-06-03 18:07:02
c_0793,Emma JONES,emma@test.org,US,2025-05-28 14:37:12,2025-05-31 18:34:37
c_0794,Sophia Moore,sophia@test.org,DE,2025-03-25 16:53:55,2025-04-27 19:04:17
c_0795,  emery  WILLIAMS,emery@mail.com,US,2025-03-25 12:46:14,2025-04-17 20:52:11
c_0796,Jordan Brown,jordan@test.org,US,2025-04-15 11:30:00,2025-05-29 19:10:28
c_0797,  morgan  PATEL,morgan@test.org,US,2025-05-24 18:40:19,2025-06-04 14:00:55
c_0798,Riley Jones,riley@test.org,GB,2025-04-15 18:52:24,2025-05-19 17:28:30
c_0799,Jordan Lee,jordan@mail.com,US,2025-04-02 21:34:57,2025-04-15 13:28:43
c_0800,Mason WILSON,mason@test.org,US,2025-06-05 12:17:35,2025-06-18 12:36:37
